{"mapName":"hallo","version":"0.0.1","gameObjects":[{"name":"Wall","position":{"x":1.929983139038086,"y":0.0,"z":-5.189603805541992},"rotation":{"x":0.0,"y":0.0,"z":0.0,"w":1.0},"scale":{"x":10.0,"y":3.0,"z":1.0}},{"name":"Wall","position":{"x":6.929983615875244,"y":0.0,"z":-0.1896038055419922},"rotation":{"x":0.0,"y":0.7071068286895752,"z":0.0,"w":0.7071068286895752},"scale":{"x":9.999999046325684,"y":3.0,"z":1.0}},{"name":"Wall","position":{"x":-2.693282127380371,"y":0.0,"z":-0.9113321304321289},"rotation":{"x":0.0,"y":0.7071068286895752,"z":0.0,"w":0.7071068286895752},"scale":{"x":9.999999046325684,"y":3.0,"z":1.0}},{"name":"Floor","position":{"x":1.929983139038086,"y":0.0,"z":0.3103961944580078},"rotation":{"x":0.0,"y":0.0,"z":0.0,"w":1.0},"scale":{"x":10.0,"y":0.10000000149011612,"z":10.0}}]}