{"mapName":"Map1","version":"0.0.1","gameObjects":[{"name":"Cube","position":{"x":3.4346261024475099,"y":0.0,"z":0.0},"rotation":{"x":0.26510119438171389,"y":-0.06921647489070893,"z":0.24295848608016969,"w":0.9305383563041687},"scale":{"x":2.5514824390411379,"y":2.5514824390411379,"z":2.5514824390411379}},{"name":"Capsule","position":{"x":-4.173804759979248,"y":0.0,"z":0.0},"rotation":{"x":-0.27498045563697817,"y":0.13019685447216035,"z":0.40764641761779787,"w":0.8609640002250671},"scale":{"x":1.0,"y":1.0,"z":1.0}},{"name":"Sphere","position":{"x":-0.5296968817710877,"y":0.0,"z":0.0},"rotation":{"x":0.0,"y":0.0,"z":0.0,"w":1.0},"scale":{"x":2.1484270095825197,"y":2.1484270095825197,"z":2.1484270095825197}}]}